{"cameraMode":{"drawMode":0,"name":"Shaded","section":"Shading Mode"},"sceneLighting":true,"audioPlay":false,"sceneViewState":{"showFog":true,"showMaterialUpdate":false,"showSkybox":true,"showFlares":true,"showImageEffects":true,"showParticleSystems":true},"in2DMode":false,"pivot":{"x":0.48003578186035159,"y":0.8400489687919617,"z":0.0},"rotation":{"x":-0.0000025927913611667465,"y":1.0000033378601075,"z":-0.002398084383457899,"w":-0.0008886997238732874},"size":18.400346755981447,"orthographic":true}